{
	"pages": [ //pages数组中第一项表示应用启动页，参考：https://uniapp.dcloud.io/collocation/pages
		{
			"path": "pages/index/index",
			"style": {
				"navigationBarTitleText": "首页",
				"usingComponents": {
					"van-tabbar": "/wxcomponents/vant/lib/tabbar/index",
					"van-tabbar-item": "/wxcomponents/vant/lib/tabbar-item/index",
					"van-dialog": "/wxcomponents/vant/lib/dialog/index"
				}
			}
		}
	],
	"globalStyle": {
		"navigationBarTextStyle": "black",
		"navigationBarTitleText": "善智学堂",
		"navigationBarBackgroundColor": "#FFFFFF",
		"backgroundColor": "#FFFFFF"
	}
}
